"Year","Cause","Sex","Deaths7","Deaths8","Deaths9","Deaths10","Deaths26","Total","Deaths2534","Deaths3544","Deaths4559","Deaths6069","Deaths70up"
1996,"X600",2,0,0,0,0,0,1,0,1,0,0,0
1996,"X610",1,0,0,0,1,0,5,1,3,0,0,0
1996,"X610",2,0,1,0,1,0,8,1,1,3,1,0
1996,"X620",1,0,0,1,0,0,1,0,0,0,0,0
1996,"X620",2,0,0,0,0,0,1,0,1,0,0,0
1996,"X640",1,0,0,1,3,1,17,2,6,3,0,1
1996,"X640",2,0,1,1,4,0,18,6,4,2,0,0
1996,"X650",2,0,0,0,0,0,1,0,1,0,0,0
1996,"X660",1,0,0,0,1,0,2,0,1,0,0,0
1996,"X670",1,0,0,0,0,0,3,1,2,0,0,0
1996,"X680",1,0,0,3,6,1,59,18,13,10,5,3
1996,"X680",2,0,2,3,4,0,28,4,6,7,1,1
1996,"X690",1,0,0,3,7,1,51,12,10,12,4,2
1996,"X690",2,0,0,2,3,0,13,3,3,1,0,1
1996,"X700",1,1,14,66,134,6,1123,244,253,238,103,64
1996,"X700",2,0,4,26,19,2,247,48,46,60,23,19
1996,"X710",1,0,0,0,0,0,2,0,1,0,0,1
1996,"X710",2,0,0,0,0,0,2,0,1,1,0,0
1996,"X720",1,0,2,5,11,0,70,20,15,9,4,4
1996,"X720",2,0,0,2,3,0,24,8,3,7,1,0
1996,"X730",1,0,1,2,3,0,17,4,3,3,1,0
1996,"X740",1,0,7,32,59,1,379,84,66,65,32,33
1996,"X740",2,0,3,16,10,0,73,16,13,10,2,3
1996,"X760",1,0,0,1,1,1,8,2,0,2,0,1
1996,"X760",2,0,0,2,2,0,19,4,3,2,4,2
1996,"X780",1,0,0,1,7,1,52,11,12,11,3,6
1996,"X780",2,0,0,1,0,0,9,2,0,4,1,1
1996,"X790",1,0,1,6,4,0,39,6,10,4,4,4
1996,"X790",2,0,0,0,0,0,6,2,0,3,0,1
1996,"X800",1,0,0,6,4,0,25,3,4,4,0,4
1996,"X800",2,0,6,3,1,0,25,5,4,3,0,3
1996,"X830",1,0,0,0,0,0,4,2,0,1,1,0
1996,"X830",2,0,0,0,0,0,1,0,1,0,0,0
1996,"X840",1,0,2,9,17,0,124,30,27,19,10,10
1996,"X840",2,0,1,4,3,0,37,10,9,4,3,3
1997,"X600",1,0,0,0,1,0,1,0,0,0,0,0
1997,"X600",2,0,0,0,0,0,1,1,0,0,0,0
1997,"X610",1,0,0,1,2,0,9,3,1,1,0,1
1997,"X610",2,0,0,2,1,0,12,3,2,3,1,0
1997,"X620",1,0,0,0,0,0,1,0,1,0,0,0
1997,"X640",1,0,0,0,1,0,27,8,6,9,2,1
1997,"X640",2,0,0,6,5,0,20,4,4,1,0,0
1997,"X650",1,0,0,1,0,0,2,0,0,1,0,0
1997,"X650",2,0,0,0,0,0,1,0,0,1,0,0
1997,"X660",1,0,0,0,0,0,2,1,1,0,0,0
1997,"X670",1,0,0,0,0,0,4,1,1,2,0,0
1997,"X680",1,0,0,2,8,0,73,8,24,22,6,3
1997,"X680",2,0,3,8,5,0,34,5,6,5,1,1
1997,"X690",1,0,0,3,6,1,44,10,6,11,2,5
1997,"X690",2,0,2,3,4,0,35,10,7,7,2,0
1997,"X700",1,1,18,87,159,4,1506,368,307,308,142,112
1997,"X700",2,0,13,27,24,1,330,57,69,86,26,27
1997,"X710",1,0,0,1,0,1,6,0,1,1,2,0
1997,"X710",2,0,0,0,0,0,4,0,1,1,1,1
1997,"X720",1,0,1,8,13,0,75,10,13,12,10,8
1997,"X720",2,0,2,3,0,0,9,2,1,1,0,0
1997,"X730",1,0,0,4,2,0,9,0,2,0,0,1
1997,"X730",2,0,0,1,0,0,2,1,0,0,0,0
1997,"X740",1,0,1,33,64,2,441,83,100,85,38,35
1997,"X740",2,0,7,19,12,0,97,12,24,14,5,4
1997,"X760",1,0,0,0,1,0,19,7,4,4,3,0
1997,"X760",2,0,0,1,1,0,26,6,5,6,3,4
1997,"X780",1,0,0,0,3,0,38,7,9,9,5,5
1997,"X780",2,0,0,0,0,0,13,3,5,4,0,1
1997,"X790",1,0,0,7,13,0,63,15,11,7,6,4
1997,"X790",2,0,1,1,3,0,20,1,5,5,0,4
1997,"X800",1,0,0,0,2,0,15,1,4,5,0,3
1997,"X800",2,0,0,1,1,0,12,3,3,2,0,2
1997,"X820",1,0,0,0,0,0,1,0,1,0,0,0
1997,"X830",1,0,0,0,0,0,4,1,2,1,0,0
1997,"X840",1,0,2,6,17,0,109,29,21,20,6,8
1997,"X840",2,0,1,2,2,0,31,2,10,10,1,3
1998,"X600",1,0,0,0,0,0,1,1,0,0,0,0
1998,"X610",1,0,0,1,0,0,5,1,2,0,0,1
1998,"X610",2,0,0,3,0,0,10,5,1,0,0,1
1998,"X620",2,0,0,1,0,0,1,0,0,0,0,0
1998,"X630",1,0,0,0,2,0,3,1,0,0,0,0
1998,"X630",2,0,0,0,0,0,1,0,1,0,0,0
1998,"X640",1,0,0,1,4,0,31,9,8,7,2,0
1998,"X640",2,0,0,3,4,0,21,4,4,4,2,0
1998,"X650",1,0,0,0,0,0,2,0,0,1,1,0
1998,"X660",2,0,0,0,0,0,1,0,0,0,0,1
1998,"X670",1,0,0,1,1,0,2,0,0,0,0,0
1998,"X680",1,0,0,3,8,0,82,19,16,19,10,7
1998,"X680",2,0,0,7,6,0,42,10,11,5,1,2
1998,"X690",1,0,1,2,5,0,45,9,14,9,2,3
1998,"X690",2,0,2,7,3,0,33,9,7,4,1,0
1998,"X700",1,1,18,94,186,5,1669,368,339,348,162,148
1998,"X700",2,0,10,30,37,2,356,75,56,85,35,26
1998,"X710",1,0,0,0,0,0,6,2,2,0,0,2
1998,"X710",2,0,0,0,0,0,6,0,0,1,3,2
1998,"X720",1,0,2,7,7,0,72,14,16,12,7,7
1998,"X720",2,0,3,2,2,0,15,2,1,4,1,0
1998,"X730",1,0,0,1,0,0,10,4,1,2,2,0
1998,"X730",2,0,0,0,1,0,2,0,0,1,0,0
1998,"X740",1,0,0,40,45,2,405,89,83,79,40,27
1998,"X740",2,0,5,18,6,0,74,19,10,11,4,1
1998,"X750",1,0,0,0,0,0,2,0,1,1,0,0
1998,"X760",1,0,0,1,0,0,15,3,4,5,0,2
1998,"X760",2,0,0,2,3,0,25,3,2,6,1,8
1998,"X780",1,0,0,1,2,0,36,7,6,6,7,7
1998,"X780",2,0,0,0,1,0,9,2,1,2,1,2
1998,"X790",1,0,0,7,2,0,51,12,10,13,6,1
1998,"X790",2,0,0,3,2,0,18,4,0,3,2,4
1998,"X800",1,0,0,3,1,0,18,6,3,1,3,1
1998,"X800",2,0,0,4,3,0,18,2,3,4,0,2
1998,"X830",1,0,0,0,0,0,1,0,1,0,0,0
1998,"X840",1,0,0,2,15,2,106,36,18,14,12,7
1998,"X840",2,0,1,3,5,0,41,12,6,8,2,4
1999,"X610",1,0,0,1,1,0,6,1,3,0,0,0
1999,"X610",2,0,0,0,1,0,7,4,1,0,1,0
1999,"X630",1,0,0,1,0,0,1,0,0,0,0,0
1999,"X640",1,0,0,4,2,0,26,5,9,4,2,0
1999,"X640",2,0,0,4,2,0,13,2,2,2,1,0
1999,"X650",1,0,0,0,1,0,1,0,0,0,0,0
1999,"X660",1,0,0,0,1,0,1,0,0,0,0,0
1999,"X670",1,0,0,0,0,0,4,2,1,1,0,0
1999,"X670",2,0,0,0,1,0,1,0,0,0,0,0
1999,"X680",1,0,2,6,9,0,94,29,24,15,5,4
1999,"X680",2,0,2,5,1,0,33,11,6,5,2,1
1999,"X690",1,0,0,2,6,0,47,11,14,10,3,1
1999,"X690",2,0,3,1,2,0,20,3,7,3,1,0
1999,"X700",1,0,11,91,174,4,1584,310,355,357,151,131
1999,"X700",2,0,12,19,26,0,331,57,66,80,34,37
1999,"X710",1,0,0,0,1,0,4,1,0,1,0,1
1999,"X710",2,0,0,0,1,0,7,0,1,1,2,2
1999,"X720",1,0,0,11,20,0,98,15,16,19,9,8
1999,"X720",2,0,2,4,4,0,23,6,3,2,1,1
1999,"X730",1,0,1,2,7,0,26,2,6,5,0,3
1999,"X730",2,0,0,0,1,0,2,0,0,0,0,1
1999,"X740",1,1,3,28,42,0,311,78,43,56,30,30
1999,"X740",2,0,3,12,7,0,56,17,5,10,1,1
1999,"X760",1,0,0,0,3,0,19,6,4,4,0,2
1999,"X760",2,0,1,0,2,0,26,6,3,9,2,3
1999,"X770",1,0,0,0,1,0,12,4,4,2,0,1
1999,"X770",2,0,0,0,0,0,1,1,0,0,0,0
1999,"X780",1,0,0,3,2,0,35,10,1,9,5,5
1999,"X780",2,0,0,0,0,0,5,1,2,2,0,0
1999,"X790",1,0,0,3,7,0,41,10,7,5,5,4
1999,"X790",2,0,0,1,0,0,10,2,3,3,0,1
1999,"X800",1,0,0,1,4,0,18,4,3,3,1,2
1999,"X800",2,0,0,4,3,0,17,0,1,3,5,1
1999,"X810",2,0,0,0,1,0,1,0,0,0,0,0
1999,"X820",1,0,0,0,0,0,1,1,0,0,0,0
1999,"X830",1,0,0,1,1,0,4,0,1,0,0,1
1999,"X840",1,0,1,12,9,0,94,20,18,18,6,10
1999,"X840",2,0,0,3,3,0,26,4,8,6,2,0
2000,"X610",1,0,0,1,1,0,10,1,4,3,0,0
2000,"X610",2,0,0,1,2,0,16,7,2,2,2,0
2000,"X630",1,0,0,0,0,0,1,0,1,0,0,0
2000,"X630",2,0,0,1,0,0,1,0,0,0,0,0
2000,"X640",1,0,0,3,2,0,16,5,2,3,1,0
2000,"X640",2,0,0,6,0,0,11,1,2,1,0,1
2000,"X650",2,0,0,0,0,0,1,0,1,0,0,0
2000,"X660",1,0,0,0,0,0,1,0,1,0,0,0
2000,"X660",2,0,0,0,0,0,1,1,0,0,0,0
2000,"X670",1,0,0,0,1,0,2,1,0,0,0,0
2000,"X670",2,0,0,0,0,0,1,0,0,0,0,1
2000,"X680",1,0,0,6,18,0,110,25,28,25,5,3
2000,"X680",2,0,1,9,6,0,39,10,8,4,0,1
2000,"X690",1,0,1,2,8,0,55,12,10,17,3,2
2000,"X690",2,0,1,5,4,0,25,2,5,6,2,0
2000,"X700",1,0,14,87,180,2,1639,352,368,357,145,134
2000,"X700",2,0,14,35,39,0,377,58,70,85,39,37
2000,"X710",1,0,0,0,0,0,4,0,1,2,0,1
2000,"X710",2,0,0,1,1,0,8,4,1,0,1,0
2000,"X720",1,0,1,12,16,0,99,25,13,13,12,7
2000,"X720",2,0,1,7,8,0,24,3,4,1,0,0
2000,"X730",1,0,0,1,5,0,19,5,3,2,2,1
2000,"X730",2,0,0,0,0,0,1,0,1,0,0,0
2000,"X740",1,0,1,28,48,1,365,74,62,77,41,33
2000,"X740",2,0,5,12,11,0,71,15,11,13,4,0
2000,"X760",1,0,0,0,2,0,13,1,3,4,1,2
2000,"X760",2,0,0,1,1,0,18,3,1,6,6,0
2000,"X770",1,0,0,0,0,0,1,0,1,0,0,0
2000,"X780",1,0,0,1,4,0,44,4,10,8,8,9
2000,"X780",2,0,0,0,3,0,13,2,1,6,1,0
2000,"X790",1,0,0,4,4,0,34,5,10,5,3,3
2000,"X790",2,0,0,0,1,0,13,2,5,1,2,2
2000,"X800",1,0,2,1,5,0,20,3,5,1,1,2
2000,"X800",2,0,0,3,3,0,27,3,4,8,2,4
2000,"X830",1,0,0,0,0,0,4,1,0,2,0,1
2000,"X830",2,0,0,2,0,0,3,0,0,0,1,0
2000,"X840",1,0,0,2,9,0,74,19,18,15,8,3
2000,"X840",2,0,2,2,3,0,21,2,3,6,1,2
2001,"X600",1,0,0,1,0,0,1,0,0,0,0,0
2001,"X610",1,0,0,1,2,0,9,1,3,2,0,0
2001,"X610",2,0,0,1,2,0,14,3,4,4,0,0
2001,"X630",1,0,0,0,0,0,1,1,0,0,0,0
2001,"X630",2,0,0,1,0,0,1,0,0,0,0,0
2001,"X640",1,0,0,2,4,0,24,6,9,2,1,0
2001,"X640",2,0,1,4,3,0,28,5,8,5,1,1
2001,"X650",1,0,0,0,0,0,2,0,1,1,0,0
2001,"X650",2,0,0,0,0,0,1,0,1,0,0,0
2001,"X660",1,0,0,0,0,0,2,0,1,0,1,0
2001,"X670",1,0,0,1,2,0,9,1,4,1,0,0
2001,"X670",2,0,0,0,0,0,1,0,0,1,0,0
2001,"X680",1,0,0,8,16,0,139,36,28,31,11,9
2001,"X680",2,0,3,20,7,0,71,11,20,7,3,0
2001,"X690",1,0,1,3,1,0,49,20,12,8,1,3
2001,"X690",2,0,1,3,4,0,29,8,6,7,0,0
2001,"X700",1,1,24,143,241,2,2127,449,420,470,199,178
2001,"X700",2,0,14,49,36,0,413,67,80,105,30,32
2001,"X710",1,0,0,0,0,0,8,2,2,2,1,1
2001,"X710",2,0,0,0,0,0,6,1,1,2,0,2
2001,"X720",1,0,2,7,12,0,131,31,31,24,16,8
2001,"X720",2,0,0,4,6,0,25,4,4,5,1,1
2001,"X730",1,0,1,1,6,0,35,8,8,6,2,3
2001,"X730",2,0,0,1,0,0,2,1,0,0,0,0
2001,"X740",1,1,2,34,41,0,385,84,69,85,29,40
2001,"X740",2,0,6,9,12,0,71,12,18,10,2,2
2001,"X750",1,0,0,0,1,0,1,0,0,0,0,0
2001,"X760",1,0,0,0,2,0,8,0,3,2,0,1
2001,"X760",2,0,0,0,3,0,38,7,15,9,3,1
2001,"X770",1,0,0,0,0,0,1,0,0,1,0,0
2001,"X780",1,0,0,0,2,0,39,9,12,10,3,3
2001,"X780",2,0,0,0,0,0,10,3,3,3,1,0
2001,"X790",1,0,0,6,2,0,31,4,3,9,1,6
2001,"X790",2,0,0,0,1,0,7,0,3,2,1,0
2001,"X800",1,0,1,7,8,0,43,7,7,10,1,2
2001,"X800",2,0,0,3,2,0,33,5,2,10,3,8
2001,"X810",1,0,0,0,0,0,2,0,0,1,1,0
2001,"X830",1,0,0,0,0,0,8,3,2,2,0,1
2001,"X830",2,0,0,0,0,0,1,1,0,0,0,0
2001,"X840",1,0,1,6,6,0,78,19,19,17,2,8
2001,"X840",2,0,0,2,1,0,26,8,5,8,1,1
2002,"X610",1,0,0,1,1,0,8,3,0,1,2,0
2002,"X610",2,0,0,2,2,0,15,3,1,6,0,1
2002,"X620",1,0,0,0,1,0,3,1,1,0,0,0
2002,"X630",1,0,0,0,0,0,1,0,1,0,0,0
2002,"X640",1,0,2,0,1,0,31,8,9,8,2,1
2002,"X640",2,0,0,3,6,0,28,6,8,4,0,1
2002,"X650",1,0,0,0,1,0,3,1,0,0,0,1
2002,"X660",1,0,0,0,0,0,1,0,0,0,0,1
2002,"X660",2,0,0,0,1,0,1,0,0,0,0,0
2002,"X670",1,0,0,1,0,0,11,5,3,1,0,1
2002,"X670",2,0,0,0,0,0,1,0,0,0,0,1
2002,"X680",1,0,0,7,15,0,119,29,35,23,6,4
2002,"X680",2,0,4,10,14,0,70,20,9,9,2,2
2002,"X690",1,0,0,2,6,0,52,17,10,14,1,2
2002,"X690",2,0,2,6,4,0,44,13,11,5,1,2
2002,"X700",1,1,22,141,252,2,2104,449,425,464,186,162
2002,"X700",2,0,20,49,46,0,465,76,84,108,45,37
2002,"X710",1,0,0,0,2,0,11,4,1,2,1,1
2002,"X710",2,0,0,1,0,0,8,2,0,1,2,2
2002,"X720",1,0,0,9,19,0,127,24,22,29,13,11
2002,"X720",2,0,4,2,4,0,24,4,3,5,2,0
2002,"X730",1,0,1,2,4,0,22,4,4,7,0,0
2002,"X730",2,0,0,0,0,0,1,1,0,0,0,0
2002,"X740",1,0,4,35,64,0,408,88,67,78,37,35
2002,"X740",2,0,1,11,9,0,67,16,15,10,5,0
2002,"X750",1,0,0,0,0,0,1,0,0,1,0,0
2002,"X760",1,0,0,2,1,1,16,3,2,3,1,3
2002,"X760",2,0,1,0,0,0,26,2,9,6,2,6
2002,"X770",1,0,0,0,0,0,1,0,1,0,0,0
2002,"X770",2,0,0,0,1,0,1,0,0,0,0,0
2002,"X780",1,0,0,1,1,0,52,11,13,13,6,7
2002,"X780",2,0,0,0,1,0,12,1,1,4,2,3
2002,"X790",1,0,0,3,5,0,29,7,3,6,3,2
2002,"X790",2,0,0,1,0,0,10,2,5,1,1,0
2002,"X800",1,0,0,5,4,0,42,12,7,7,2,5
2002,"X800",2,0,0,0,4,0,23,4,6,7,1,1
2002,"X810",2,0,0,0,0,0,1,0,0,1,0,0
2002,"X830",2,0,0,1,0,0,3,0,0,1,0,1
2002,"X840",1,0,1,5,6,0,65,11,12,17,8,5
2002,"X840",2,0,0,0,2,0,34,7,8,12,5,0
2003,"X600",1,0,0,0,0,0,4,0,3,0,1,0
2003,"X610",1,0,0,1,0,0,11,1,5,2,0,2
2003,"X610",2,0,0,0,2,0,24,12,5,4,1,0
2003,"X620",1,0,0,1,1,0,3,1,0,0,0,0
2003,"X620",2,0,0,0,0,0,1,0,0,1,0,0
2003,"X640",1,0,0,1,6,0,32,6,6,11,2,0
2003,"X640",2,0,0,6,0,0,29,8,12,3,0,0
2003,"X650",1,0,0,0,0,0,4,1,1,2,0,0
2003,"X650",2,0,0,0,2,0,5,2,0,1,0,0
2003,"X660",1,0,0,0,0,0,4,1,0,3,0,0
2003,"X670",1,0,0,0,1,0,3,0,0,2,0,0
2003,"X670",2,0,0,0,0,0,1,1,0,0,0,0
2003,"X680",1,1,0,3,16,0,141,33,35,34,12,7
2003,"X680",2,0,0,11,16,0,82,19,13,19,1,3
2003,"X690",1,0,0,1,11,0,71,14,14,21,5,5
2003,"X690",2,0,3,8,7,0,37,4,5,10,0,0
2003,"X700",1,4,30,150,251,4,2206,461,469,476,204,157
2003,"X700",2,0,16,58,48,0,482,88,95,96,40,41
2003,"X710",1,0,0,0,0,0,4,2,1,0,1,0
2003,"X710",2,0,0,0,0,0,5,0,2,1,2,0
2003,"X720",1,0,2,8,16,0,133,35,29,24,9,10
2003,"X720",2,0,2,6,4,0,28,5,3,5,1,2
2003,"X730",1,0,0,2,2,0,35,9,9,9,1,3
2003,"X730",2,0,0,0,0,0,1,0,0,0,0,1
2003,"X740",1,0,5,30,44,0,366,74,67,79,32,35
2003,"X740",2,0,2,7,6,0,60,11,16,12,4,2
2003,"X750",1,0,0,0,0,0,2,2,0,0,0,0
2003,"X760",1,0,0,1,0,0,9,2,3,1,0,2
2003,"X760",2,0,0,2,1,0,13,0,6,1,3,0
2003,"X770",1,0,0,0,0,0,1,0,0,1,0,0
2003,"X780",1,0,0,1,2,0,42,11,15,9,1,3
2003,"X780",2,0,0,0,0,0,11,2,2,3,3,1
2003,"X790",1,0,0,2,4,0,34,9,6,6,1,6
2003,"X790",2,0,0,0,5,0,12,1,2,2,1,1
2003,"X800",1,0,0,8,7,0,37,5,6,5,3,3
2003,"X800",2,0,1,2,7,0,30,8,6,2,1,3
2003,"X830",1,0,0,0,0,0,2,0,2,0,0,0
2003,"X830",2,0,0,0,0,0,1,0,0,1,0,0
2003,"X840",1,0,1,2,3,0,54,14,11,16,3,4
2003,"X840",2,0,0,5,5,0,38,6,4,9,1,8
2004,"X600",2,0,1,0,0,0,1,0,0,0,0,0
2004,"X610",1,0,1,1,0,0,17,5,6,3,1,0
2004,"X610",2,0,1,1,3,0,32,14,6,6,1,0
2004,"X620",1,0,0,0,0,0,1,0,1,0,0,0
2004,"X630",2,0,0,0,0,0,1,1,0,0,0,0
2004,"X640",1,0,0,0,3,0,31,7,11,8,1,1
2004,"X640",2,0,1,3,3,0,23,4,7,1,3,1
2004,"X650",2,0,0,0,0,0,3,1,1,1,0,0
2004,"X660",1,0,0,0,1,0,1,0,0,0,0,0
2004,"X660",2,0,1,1,0,0,3,0,0,0,0,1
2004,"X670",1,0,0,0,1,0,5,2,1,1,0,0
2004,"X670",2,0,0,1,0,0,3,0,1,1,0,0
2004,"X680",1,0,0,5,18,1,130,25,32,34,11,4
2004,"X680",2,0,3,15,16,0,84,14,18,13,4,1
2004,"X690",1,0,0,3,7,0,51,7,16,9,7,2
2004,"X690",2,0,1,5,5,0,29,3,4,8,2,1
2004,"X700",1,3,16,166,292,3,2369,541,473,508,194,173
2004,"X700",2,0,15,50,53,0,502,102,87,108,40,47
2004,"X710",1,0,0,0,1,0,6,1,1,1,1,1
2004,"X710",2,0,0,0,0,0,2,0,0,0,1,1
2004,"X720",1,0,1,10,19,0,137,29,24,32,12,10
2004,"X720",2,0,2,1,4,0,23,5,8,2,0,1
2004,"X730",1,0,0,2,5,0,28,6,6,5,2,2
2004,"X730",2,0,0,0,0,0,2,1,0,1,0,0
2004,"X740",1,0,3,30,40,0,387,83,59,86,34,52
2004,"X740",2,0,0,12,11,0,58,15,6,8,4,2
2004,"X750",1,0,0,0,0,0,1,0,0,1,0,0
2004,"X760",1,0,0,0,2,0,21,5,3,7,1,3
2004,"X760",2,0,0,2,1,0,24,2,6,7,4,2
2004,"X770",1,0,0,0,0,0,1,0,1,0,0,0
2004,"X770",2,0,0,0,0,0,1,0,1,0,0,0
2004,"X780",1,0,0,1,2,0,48,10,6,14,4,11
2004,"X780",2,0,0,0,0,0,15,1,1,10,1,2
2004,"X790",1,0,2,1,3,0,24,4,1,7,3,3
2004,"X790",2,0,0,1,1,0,7,1,0,1,1,2
2004,"X800",1,0,0,7,12,0,57,13,8,6,4,7
2004,"X800",2,0,1,3,0,0,34,3,4,14,3,6
2004,"X810",1,0,0,0,0,0,1,0,0,1,0,0
2004,"X820",1,0,0,0,0,0,1,1,0,0,0,0
2004,"X830",1,0,0,0,1,0,7,1,3,2,0,0
2004,"X840",1,0,0,2,9,0,65,15,11,18,6,4
2004,"X840",2,0,0,5,3,0,28,2,4,10,1,3
1996,"X600",2,0,0,0,0,0,1,0,1,0,0,0
1996,"X610",1,0,0,0,0,0,1,0,1,0,0,0
1996,"X610",2,0,0,0,1,0,3,1,0,1,0,0
1996,"X640",1,0,0,0,1,1,6,1,2,0,0,1
1996,"X640",2,0,0,1,2,0,5,0,2,0,0,0
1996,"X650",2,0,0,0,0,0,1,0,1,0,0,0
1996,"X680",1,0,0,1,2,0,14,5,3,3,0,0
1996,"X680",2,0,0,2,0,0,7,1,3,0,0,1
1996,"X690",1,0,0,2,2,0,15,5,2,3,1,0
1996,"X690",2,0,0,0,1,0,2,1,0,0,0,0
1996,"X700",1,1,4,22,36,1,242,55,54,39,18,12
1996,"X700",2,0,1,12,10,0,60,10,5,17,3,2
1996,"X720",1,0,0,1,4,0,23,8,6,2,1,1
1996,"X720",2,0,0,2,1,0,8,1,1,3,0,0
1996,"X730",1,0,1,0,0,0,7,2,3,1,0,0
1996,"X740",1,0,0,7,8,0,50,11,9,8,2,5
1996,"X740",2,0,0,2,3,0,12,4,2,1,0,0
1996,"X760",1,0,0,1,0,1,5,1,0,2,0,0
1996,"X760",2,0,0,0,0,0,5,1,1,0,2,1
1996,"X780",1,0,0,1,5,1,26,8,3,5,1,2
1996,"X780",2,0,0,0,0,0,1,1,0,0,0,0
1996,"X790",1,0,0,0,0,0,1,0,0,0,0,1
1996,"X800",1,0,0,0,0,0,2,2,0,0,0,0
1996,"X800",2,0,1,1,0,0,3,1,0,0,0,0
1996,"X830",1,0,0,0,0,0,1,0,0,1,0,0
1996,"X840",1,0,0,0,3,0,18,6,4,2,0,3
1996,"X840",2,0,0,0,1,0,3,1,1,0,0,0
1997,"X600",1,0,0,0,1,0,1,0,0,0,0,0
1997,"X600",2,0,0,0,0,0,1,1,0,0,0,0
1997,"X610",1,0,0,0,1,0,1,0,0,0,0,0
1997,"X610",2,0,0,1,0,0,3,2,0,0,0,0
1997,"X640",1,0,0,0,0,0,6,3,0,3,0,0
1997,"X640",2,0,0,1,3,0,6,1,0,1,0,0
1997,"X650",1,0,0,0,0,0,1,0,0,1,0,0
1997,"X680",1,0,0,0,0,0,14,0,8,4,2,0
1997,"X680",2,0,0,5,2,0,8,0,0,0,1,0
1997,"X690",1,0,0,2,3,0,16,6,4,1,0,0
1997,"X690",2,0,2,1,2,0,8,1,0,2,0,0
1997,"X700",1,0,4,31,29,3,304,86,46,48,30,27
1997,"X700",2,0,5,9,8,1,69,10,11,14,6,5
1997,"X710",1,0,0,1,0,1,3,0,0,1,0,0
1997,"X710",2,0,0,0,0,0,1,0,0,0,1,0
1997,"X720",1,0,0,4,5,0,20,3,3,2,1,2
1997,"X720",2,0,0,1,0,0,3,1,1,0,0,0
1997,"X730",1,0,0,2,1,0,3,0,0,0,0,0
1997,"X730",2,0,0,1,0,0,1,0,0,0,0,0
1997,"X740",1,0,1,4,21,0,78,17,13,12,2,8
1997,"X740",2,0,4,5,3,0,16,0,3,1,0,0
1997,"X760",1,0,0,0,0,0,4,1,1,2,0,0
1997,"X760",2,0,0,0,0,0,7,2,2,0,1,2
1997,"X780",1,0,0,0,0,0,5,1,3,1,0,0
1997,"X790",1,0,0,0,0,0,1,0,0,0,1,0
1997,"X790",2,0,0,0,1,0,1,0,0,0,0,0
1997,"X800",1,0,0,0,0,0,3,0,1,1,0,1
1997,"X800",2,0,0,0,0,0,3,2,1,0,0,0
1997,"X830",1,0,0,0,0,0,1,1,0,0,0,0
1997,"X840",1,0,0,0,3,0,12,2,1,2,2,2
1997,"X840",2,0,0,1,0,0,3,0,0,1,0,1
1998,"X600",1,0,0,0,0,0,1,1,0,0,0,0
1998,"X610",1,0,0,0,0,0,1,0,1,0,0,0
1998,"X610",2,0,0,2,0,0,5,1,1,0,0,1
1998,"X630",1,0,0,0,2,0,2,0,0,0,0,0
1998,"X630",2,0,0,0,0,0,1,0,1,0,0,0
1998,"X640",1,0,0,1,1,0,14,6,5,1,0,0
1998,"X640",2,0,0,0,2,0,5,0,1,2,0,0
1998,"X670",1,0,0,1,0,0,1,0,0,0,0,0
1998,"X680",1,0,0,0,2,0,14,3,4,3,1,1
1998,"X680",2,0,0,2,3,0,8,3,0,0,0,0
1998,"X690",1,0,1,2,2,0,22,8,3,5,1,0
1998,"X690",2,0,1,3,2,0,12,3,1,2,0,0
1998,"X700",1,1,8,29,46,1,307,61,58,52,27,24
1998,"X700",2,0,4,8,14,0,96,21,13,21,9,6
1998,"X710",1,0,0,0,0,0,1,0,0,0,0,1
1998,"X710",2,0,0,0,0,0,1,0,0,1,0,0
1998,"X720",1,0,1,1,2,0,18,6,2,2,1,3
1998,"X720",2,0,1,0,0,0,2,1,0,0,0,0
1998,"X730",1,0,0,0,0,0,6,4,0,1,1,0
1998,"X730",2,0,0,0,1,0,1,0,0,0,0,0
1998,"X740",1,0,0,11,9,1,61,14,8,11,4,3
1998,"X740",2,0,2,0,1,0,9,3,2,1,0,0
1998,"X760",1,0,0,1,0,0,2,0,0,1,0,0
1998,"X760",2,0,0,0,0,0,4,0,1,0,0,3
1998,"X780",1,0,0,1,1,0,7,3,1,1,0,0
1998,"X780",2,0,0,0,0,0,2,0,0,1,0,1
1998,"X790",1,0,0,0,0,0,1,0,0,1,0,0
1998,"X800",1,0,0,1,0,0,3,0,1,1,0,0
1998,"X800",2,0,0,1,0,0,4,1,1,0,0,1
1998,"X840",1,0,0,0,1,0,15,9,2,0,2,1
1998,"X840",2,0,1,2,1,0,11,3,1,2,0,1
1999,"X610",1,0,0,0,1,0,1,0,0,0,0,0
1999,"X630",1,0,0,1,0,0,1,0,0,0,0,0
1999,"X640",1,0,0,4,1,0,15,3,3,2,2,0
1999,"X640",2,0,0,3,0,0,7,2,1,1,0,0
1999,"X650",1,0,0,0,1,0,1,0,0,0,0,0
1999,"X680",1,0,1,2,2,0,26,13,5,1,2,0
1999,"X680",2,0,1,4,0,0,13,6,2,0,0,0
1999,"X690",1,0,0,2,1,0,11,5,2,1,0,0
1999,"X690",2,0,0,1,0,0,3,0,1,1,0,0
1999,"X700",1,0,2,31,39,2,324,75,64,63,22,26
1999,"X700",2,0,8,7,9,0,77,11,13,16,7,6
1999,"X720",1,0,0,2,4,0,10,1,1,1,1,0
1999,"X720",2,0,0,1,0,0,3,0,1,0,0,1
1999,"X730",1,0,1,2,3,0,10,0,1,1,0,2
1999,"X740",1,0,0,3,11,0,57,18,7,11,3,4
1999,"X740",2,0,0,4,4,0,13,4,1,0,0,0
1999,"X760",1,0,0,0,0,0,3,0,2,1,0,0
1999,"X760",2,0,1,0,1,0,7,1,0,2,1,1
1999,"X770",1,0,0,0,1,0,11,4,3,2,0,1
1999,"X770",2,0,0,0,0,0,1,1,0,0,0,0
1999,"X780",1,0,0,1,1,0,7,3,0,1,0,1
1999,"X780",2,0,0,0,0,0,1,0,1,0,0,0
1999,"X790",1,0,0,0,0,0,3,1,1,0,1,0
1999,"X790",2,0,0,0,0,0,1,0,0,1,0,0
1999,"X800",1,0,0,0,1,0,1,0,0,0,0,0
1999,"X800",2,0,0,2,1,0,3,0,0,0,0,0
1999,"X820",1,0,0,0,0,0,1,1,0,0,0,0
1999,"X840",1,0,0,4,2,0,18,2,5,4,0,1
1999,"X840",2,0,0,2,1,0,7,0,2,1,1,0
2000,"X610",1,0,0,0,0,0,2,0,1,1,0,0
2000,"X610",2,0,0,1,0,0,3,2,0,0,0,0
2000,"X630",2,0,0,1,0,0,1,0,0,0,0,0
2000,"X640",1,0,0,2,2,0,6,2,0,0,0,0
2000,"X640",2,0,0,4,0,0,5,0,1,0,0,0
2000,"X650",2,0,0,0,0,0,1,0,1,0,0,0
2000,"X660",2,0,0,0,0,0,1,1,0,0,0,0
2000,"X680",1,0,0,4,5,0,36,9,7,9,1,1
2000,"X680",2,0,0,5,3,0,18,3,4,2,0,1
2000,"X690",1,0,0,1,3,0,18,4,2,6,1,1
2000,"X690",2,0,0,2,1,0,5,2,0,0,0,0
2000,"X700",1,0,4,28,51,1,319,77,55,53,25,25
2000,"X700",2,0,4,10,12,0,72,9,14,11,6,6
2000,"X710",2,0,0,1,0,0,2,0,0,0,1,0
2000,"X720",1,0,0,3,0,0,11,4,2,2,0,0
2000,"X720",2,0,0,1,3,0,5,0,1,0,0,0
2000,"X730",1,0,0,0,2,0,6,0,2,2,0,0
2000,"X740",1,0,0,5,7,0,59,15,11,13,5,3
2000,"X740",2,0,1,0,2,0,10,6,0,0,1,0
2000,"X760",1,0,0,0,1,0,4,0,1,1,1,0
2000,"X760",2,0,0,0,0,0,5,1,1,2,1,0
2000,"X780",1,0,0,1,1,0,4,0,0,1,1,0
2000,"X780",2,0,0,0,1,0,3,0,0,2,0,0
2000,"X790",1,0,0,1,1,0,6,0,2,1,0,1
2000,"X800",1,0,0,0,1,0,5,0,1,0,1,2
2000,"X800",2,0,0,1,0,0,3,1,1,0,0,0
2000,"X830",1,0,0,0,0,0,1,0,0,1,0,0
2000,"X830",2,0,0,2,0,0,2,0,0,0,0,0
2000,"X840",1,0,0,0,3,0,11,3,3,2,0,0
2000,"X840",2,0,2,1,0,0,5,0,0,2,0,0
2001,"X610",1,0,0,1,0,0,4,0,1,2,0,0
2001,"X610",2,0,0,0,1,0,4,1,2,0,0,0
2001,"X630",2,0,0,1,0,0,1,0,0,0,0,0
2001,"X640",1,0,0,0,3,0,8,1,2,1,1,0
2001,"X640",2,0,1,1,0,0,9,2,2,2,0,1
2001,"X650",1,0,0,0,0,0,2,0,1,1,0,0
2001,"X650",2,0,0,0,0,0,1,0,1,0,0,0
2001,"X660",1,0,0,0,0,0,1,0,0,0,1,0
2001,"X680",1,0,0,3,6,0,48,18,7,8,4,2
2001,"X680",2,0,1,12,3,0,29,2,7,4,0,0
2001,"X690",1,0,1,1,0,0,17,7,6,0,1,1
2001,"X690",2,0,0,1,2,0,8,3,1,1,0,0
2001,"X700",1,1,11,42,74,1,467,115,93,82,29,19
2001,"X700",2,0,3,16,15,0,112,23,16,25,7,7
2001,"X710",1,0,0,0,0,0,1,0,0,1,0,0
2001,"X710",2,0,0,0,0,0,1,0,1,0,0,0
2001,"X720",1,0,0,3,3,0,26,5,5,5,4,1
2001,"X720",2,0,0,1,2,0,5,2,0,0,0,0
2001,"X730",1,0,0,1,4,0,16,4,3,3,0,1
2001,"X730",2,0,0,0,0,0,1,1,0,0,0,0
2001,"X740",1,0,1,4,9,0,70,22,16,10,4,4
2001,"X740",2,0,0,2,1,0,6,3,0,0,0,0
2001,"X750",1,0,0,0,1,0,1,0,0,0,0,0
2001,"X760",1,0,0,0,0,0,1,0,0,0,0,1
2001,"X760",2,0,0,0,1,0,5,0,0,2,1,1
2001,"X780",1,0,0,0,0,0,9,4,2,2,1,0
2001,"X780",2,0,0,0,0,0,2,1,1,0,0,0
2001,"X790",1,0,0,3,0,0,10,2,0,4,0,1
2001,"X790",2,0,0,0,0,0,1,0,1,0,0,0
2001,"X800",1,0,0,3,1,0,8,1,1,0,1,1
2001,"X800",2,0,0,1,2,0,7,0,0,0,1,3
2001,"X830",1,0,0,0,0,0,1,0,1,0,0,0
2001,"X840",1,0,0,3,1,0,10,2,3,1,0,0
2001,"X840",2,0,0,1,0,0,2,1,0,0,0,0
2002,"X610",2,0,0,0,1,0,2,0,0,0,0,1
2002,"X620",1,0,0,0,1,0,2,0,1,0,0,0
2002,"X640",1,0,1,0,0,0,9,3,3,1,1,0
2002,"X640",2,0,0,1,0,0,4,1,1,0,0,1
2002,"X650",1,0,0,0,1,0,1,0,0,0,0,0
2002,"X660",2,0,0,0,1,0,1,0,0,0,0,0
2002,"X670",1,0,0,0,0,0,1,0,1,0,0,0
2002,"X680",1,0,0,2,6,0,32,9,8,5,0,2
2002,"X680",2,0,1,2,8,0,28,8,2,4,1,2
2002,"X690",1,0,0,1,3,0,14,3,5,0,0,2
2002,"X690",2,0,1,1,2,0,15,4,5,2,0,0
2002,"X700",1,0,12,47,63,0,466,110,84,85,35,30
2002,"X700",2,0,8,17,12,0,123,23,21,27,10,5
2002,"X710",1,0,0,0,1,0,4,3,0,0,0,0
2002,"X710",2,0,0,1,0,0,2,0,0,0,0,1
2002,"X720",1,0,0,3,6,0,20,2,1,6,2,0
2002,"X720",2,0,1,0,2,0,5,2,0,0,0,0
2002,"X730",1,0,0,0,2,0,7,3,1,1,0,0
2002,"X740",1,0,1,6,19,0,62,18,9,2,5,2
2002,"X740",2,0,0,3,2,0,11,0,4,2,0,0
2002,"X750",1,0,0,0,0,0,1,0,0,1,0,0
2002,"X760",1,0,0,0,0,0,2,0,0,1,0,1
2002,"X760",2,0,1,0,0,0,11,0,4,1,2,3
2002,"X770",1,0,0,0,0,0,1,0,1,0,0,0
2002,"X770",2,0,0,0,1,0,1,0,0,0,0,0
2002,"X780",1,0,0,0,0,0,8,3,2,1,1,1
2002,"X780",2,0,0,0,0,0,1,0,0,1,0,0
2002,"X790",1,0,0,1,2,0,5,1,1,0,0,0
2002,"X790",2,0,0,1,0,0,5,1,2,0,1,0
2002,"X800",1,0,0,2,2,0,7,2,1,0,0,0
2002,"X800",2,0,0,0,1,0,2,0,1,0,0,0
2002,"X810",2,0,0,0,0,0,1,0,0,1,0,0
2002,"X830",2,0,0,1,0,0,2,0,0,1,0,0
2002,"X840",1,0,1,1,1,0,13,1,3,5,1,0
2002,"X840",2,0,0,0,0,0,6,3,1,1,1,0
1996,"X610",1,0,0,0,1,0,4,1,2,0,0,0
1996,"X610",2,0,1,0,0,0,5,0,1,2,1,0
1996,"X620",1,0,0,1,0,0,1,0,0,0,0,0
1996,"X620",2,0,0,0,0,0,1,0,1,0,0,0
1996,"X640",1,0,0,1,2,0,11,1,4,3,0,0
1996,"X640",2,0,1,0,2,0,13,6,2,2,0,0
1996,"X660",1,0,0,0,1,0,2,0,1,0,0,0
1996,"X670",1,0,0,0,0,0,3,1,2,0,0,0
1996,"X680",1,0,0,2,4,1,45,13,10,7,5,3
1996,"X680",2,0,2,1,4,0,21,3,3,7,1,0
1996,"X690",1,0,0,1,5,1,36,7,8,9,3,2
1996,"X690",2,0,0,2,2,0,11,2,3,1,0,1
1996,"X700",1,0,10,44,98,5,881,189,199,199,85,52
1996,"X700",2,0,3,14,9,2,187,38,41,43,20,17
1996,"X710",1,0,0,0,0,0,2,0,1,0,0,1
1996,"X710",2,0,0,0,0,0,2,0,1,1,0,0
1996,"X720",1,0,2,4,7,0,47,12,9,7,3,3
1996,"X720",2,0,0,0,2,0,16,7,2,4,1,0
1996,"X730",1,0,0,2,3,0,10,2,0,2,1,0
1996,"X740",1,0,7,25,51,1,329,73,57,57,30,28
1996,"X740",2,0,3,14,7,0,61,12,11,9,2,3
1996,"X760",1,0,0,0,1,0,3,1,0,0,0,1
1996,"X760",2,0,0,2,2,0,14,3,2,2,2,1
1996,"X780",1,0,0,0,2,0,26,3,9,6,2,4
1996,"X780",2,0,0,1,0,0,8,1,0,4,1,1
1996,"X790",1,0,1,6,4,0,38,6,10,4,4,3
1996,"X790",2,0,0,0,0,0,6,2,0,3,0,1
1996,"X800",1,0,0,6,4,0,23,1,4,4,0,4
1996,"X800",2,0,5,2,1,0,22,4,4,3,0,3
1996,"X830",1,0,0,0,0,0,3,2,0,0,1,0
1996,"X830",2,0,0,0,0,0,1,0,1,0,0,0
1996,"X840",1,0,2,9,14,0,106,24,23,17,10,7
1996,"X840",2,0,1,4,2,0,34,9,8,4,3,3
1997,"X610",1,0,0,1,1,0,8,3,1,1,0,1
1997,"X610",2,0,0,1,1,0,9,1,2,3,1,0
1997,"X620",1,0,0,0,0,0,1,0,1,0,0,0
1997,"X640",1,0,0,0,1,0,21,5,6,6,2,1
1997,"X640",2,0,0,5,2,0,14,3,4,0,0,0
1997,"X650",1,0,0,1,0,0,1,0,0,0,0,0
1997,"X650",2,0,0,0,0,0,1,0,0,1,0,0
1997,"X660",1,0,0,0,0,0,2,1,1,0,0,0
1997,"X670",1,0,0,0,0,0,4,1,1,2,0,0
1997,"X680",1,0,0,2,8,0,59,8,16,18,4,3
1997,"X680",2,0,3,3,3,0,26,5,6,5,0,1
1997,"X690",1,0,0,1,3,1,28,4,2,10,2,5
1997,"X690",2,0,0,2,2,0,27,9,7,5,2,0
1997,"X700",1,1,14,56,130,1,1202,282,261,260,112,85
1997,"X700",2,0,8,18,16,0,261,47,58,72,20,22
1997,"X710",1,0,0,0,0,0,3,0,1,0,2,0
1997,"X710",2,0,0,0,0,0,3,0,1,1,0,1
1997,"X720",1,0,1,4,8,0,55,7,10,10,9,6
1997,"X720",2,0,2,2,0,0,6,1,0,1,0,0
1997,"X730",1,0,0,2,1,0,6,0,2,0,0,1
1997,"X730",2,0,0,0,0,0,1,1,0,0,0,0
1997,"X740",1,0,0,29,43,2,363,66,87,73,36,27
1997,"X740",2,0,3,14,9,0,81,12,21,13,5,4
1997,"X760",1,0,0,0,1,0,15,6,3,2,3,0
1997,"X760",2,0,0,1,1,0,19,4,3,6,2,2
1997,"X780",1,0,0,0,3,0,33,6,6,8,5,5
1997,"X780",2,0,0,0,0,0,13,3,5,4,0,1
1997,"X790",1,0,0,7,13,0,62,15,11,7,5,4
1997,"X790",2,0,1,1,2,0,19,1,5,5,0,4
1997,"X800",1,0,0,0,2,0,12,1,3,4,0,2
1997,"X800",2,0,0,1,1,0,9,1,2,2,0,2
1997,"X820",1,0,0,0,0,0,1,0,1,0,0,0
1997,"X830",1,0,0,0,0,0,3,0,2,1,0,0
1997,"X840",1,0,2,6,14,0,97,27,20,18,4,6
1997,"X840",2,0,1,1,2,0,28,2,10,9,1,2
1998,"X610",1,0,0,1,0,0,4,1,1,0,0,1
1998,"X610",2,0,0,1,0,0,5,4,0,0,0,0
1998,"X620",2,0,0,1,0,0,1,0,0,0,0,0
1998,"X630",1,0,0,0,0,0,1,1,0,0,0,0
1998,"X640",1,0,0,0,3,0,17,3,3,6,2,0
1998,"X640",2,0,0,3,2,0,16,4,3,2,2,0
1998,"X650",1,0,0,0,0,0,2,0,0,1,1,0
1998,"X660",2,0,0,0,0,0,1,0,0,0,0,1
1998,"X670",1,0,0,0,1,0,1,0,0,0,0,0
1998,"X680",1,0,0,3,6,0,68,16,12,16,9,6
1998,"X680",2,0,0,5,3,0,34,7,11,5,1,2
1998,"X690",1,0,0,0,3,0,23,1,11,4,1,3
1998,"X690",2,0,1,4,1,0,21,6,6,2,1,0
1998,"X700",1,0,10,65,140,4,1362,307,281,296,135,124
1998,"X700",2,0,6,22,23,2,260,54,43,64,26,20
1998,"X710",1,0,0,0,0,0,5,2,2,0,0,1
1998,"X710",2,0,0,0,0,0,5,0,0,0,3,2
1998,"X720",1,0,1,6,5,0,54,8,14,10,6,4
1998,"X720",2,0,2,2,2,0,13,1,1,4,1,0
1998,"X730",1,0,0,1,0,0,4,0,1,1,1,0
1998,"X730",2,0,0,0,0,0,1,0,0,1,0,0
1998,"X740",1,0,0,29,36,1,344,75,75,68,36,24
1998,"X740",2,0,3,18,5,0,65,16,8,10,4,1
1998,"X750",1,0,0,0,0,0,2,0,1,1,0,0
1998,"X760",1,0,0,0,0,0,13,3,4,4,0,2
1998,"X760",2,0,0,2,3,0,21,3,1,6,1,5
1998,"X780",1,0,0,0,1,0,29,4,5,5,7,7
1998,"X780",2,0,0,0,1,0,7,2,1,1,1,1
1998,"X790",1,0,0,7,2,0,50,12,10,12,6,1
1998,"X790",2,0,0,3,2,0,18,4,0,3,2,4
1998,"X800",1,0,0,2,1,0,15,6,2,0,3,1
1998,"X800",2,0,0,3,3,0,14,1,2,4,0,1
1998,"X830",1,0,0,0,0,0,1,0,1,0,0,0
1998,"X840",1,0,0,2,14,2,91,27,16,14,10,6
1998,"X840",2,0,0,1,4,0,30,9,5,6,2,3
1999,"X610",1,0,0,1,0,0,5,1,3,0,0,0
1999,"X610",2,0,0,0,1,0,7,4,1,0,1,0
1999,"X640",1,0,0,0,1,0,11,2,6,2,0,0
1999,"X640",2,0,0,1,2,0,6,0,1,1,1,0
1999,"X660",1,0,0,0,1,0,1,0,0,0,0,0
1999,"X670",1,0,0,0,0,0,4,2,1,1,0,0
1999,"X670",2,0,0,0,1,0,1,0,0,0,0,0
1999,"X680",1,0,1,4,7,0,68,16,19,14,3,4
1999,"X680",2,0,1,1,1,0,20,5,4,5,2,1
1999,"X690",1,0,0,0,5,0,36,6,12,9,3,1
1999,"X690",2,0,3,0,2,0,17,3,6,2,1,0
1999,"X700",1,0,9,60,135,2,1260,235,291,294,129,105
1999,"X700",2,0,4,12,17,0,254,46,53,64,27,31
1999,"X710",1,0,0,0,1,0,4,1,0,1,0,1
1999,"X710",2,0,0,0,1,0,7,0,1,1,2,2
1999,"X720",1,0,0,9,16,0,88,14,15,18,8,8
1999,"X720",2,0,2,3,4,0,20,6,2,2,1,0
1999,"X730",1,0,0,0,4,0,16,2,5,4,0,1
1999,"X730",2,0,0,0,1,0,2,0,0,0,0,1
1999,"X740",1,1,3,25,31,0,254,60,36,45,27,26
1999,"X740",2,0,3,8,3,0,43,13,4,10,1,1
1999,"X760",1,0,0,0,3,0,16,6,2,3,0,2
1999,"X760",2,0,0,0,1,0,19,5,3,7,1,2
1999,"X770",1,0,0,0,0,0,1,0,1,0,0,0
1999,"X780",1,0,0,2,1,0,28,7,1,8,5,4
1999,"X780",2,0,0,0,0,0,4,1,1,2,0,0
1999,"X790",1,0,0,3,7,0,38,9,6,5,4,4
1999,"X790",2,0,0,1,0,0,9,2,3,2,0,1
1999,"X800",1,0,0,1,3,0,17,4,3,3,1,2
1999,"X800",2,0,0,2,2,0,14,0,1,3,5,1
1999,"X810",2,0,0,0,1,0,1,0,0,0,0,0
1999,"X830",1,0,0,1,1,0,4,0,1,0,0,1
1999,"X840",1,0,1,8,7,0,76,18,13,14,6,9
1999,"X840",2,0,0,1,2,0,19,4,6,5,1,0
2000,"X610",1,0,0,1,1,0,8,1,3,2,0,0
2000,"X610",2,0,0,0,2,0,13,5,2,2,2,0
2000,"X630",1,0,0,0,0,0,1,0,1,0,0,0
2000,"X640",1,0,0,1,0,0,10,3,2,3,1,0
2000,"X640",2,0,0,2,0,0,6,1,1,1,0,1
2000,"X660",1,0,0,0,0,0,1,0,1,0,0,0
2000,"X670",1,0,0,0,1,0,2,1,0,0,0,0
2000,"X670",2,0,0,0,0,0,1,0,0,0,0,1
2000,"X680",1,0,0,2,13,0,74,16,21,16,4,2
2000,"X680",2,0,1,4,3,0,21,7,4,2,0,0
2000,"X690",1,0,1,1,5,0,37,8,8,11,2,1
2000,"X690",2,0,1,3,3,0,20,0,5,6,2,0
2000,"X700",1,0,10,59,129,1,1320,275,313,304,120,109
2000,"X700",2,0,10,25,27,0,305,49,56,74,33,31
2000,"X710",1,0,0,0,0,0,4,0,1,2,0,1
2000,"X710",2,0,0,0,1,0,6,4,1,0,0,0
2000,"X720",1,0,1,9,16,0,88,21,11,11,12,7
2000,"X720",2,0,1,6,5,0,19,3,3,1,0,0
2000,"X730",1,0,0,1,3,0,13,5,1,0,2,1
2000,"X730",2,0,0,0,0,0,1,0,1,0,0,0
2000,"X740",1,0,1,23,41,1,306,59,51,64,36,30
2000,"X740",2,0,4,12,9,0,61,9,11,13,3,0
2000,"X760",1,0,0,0,1,0,9,1,2,3,0,2
2000,"X760",2,0,0,1,1,0,13,2,0,4,5,0
2000,"X770",1,0,0,0,0,0,1,0,1,0,0,0
2000,"X780",1,0,0,0,3,0,40,4,10,7,7,9
2000,"X780",2,0,0,0,2,0,10,2,1,4,1,0
2000,"X790",1,0,0,3,3,0,28,5,8,4,3,2
2000,"X790",2,0,0,0,1,0,13,2,5,1,2,2
2000,"X800",1,0,2,1,4,0,15,3,4,1,0,0
2000,"X800",2,0,0,2,3,0,24,2,3,8,2,4
2000,"X830",1,0,0,0,0,0,3,1,0,1,0,1
2000,"X830",2,0,0,0,0,0,1,0,0,0,1,0
2000,"X840",1,0,0,2,6,0,63,16,15,13,8,3
2000,"X840",2,0,0,1,3,0,16,2,3,4,1,2
2001,"X600",1,0,0,1,0,0,1,0,0,0,0,0
2001,"X610",1,0,0,0,2,0,5,1,2,0,0,0
2001,"X610",2,0,0,1,1,0,10,2,2,4,0,0
2001,"X630",1,0,0,0,0,0,1,1,0,0,0,0
2001,"X640",1,0,0,2,1,0,16,5,7,1,0,0
2001,"X640",2,0,0,3,3,0,19,3,6,3,1,0
2001,"X660",1,0,0,0,0,0,1,0,1,0,0,0
2001,"X670",1,0,0,1,2,0,9,1,4,1,0,0
2001,"X670",2,0,0,0,0,0,1,0,0,1,0,0
2001,"X680",1,0,0,5,10,0,91,18,21,23,7,7
2001,"X680",2,0,2,8,4,0,42,9,13,3,3,0
2001,"X690",1,0,0,2,1,0,32,13,6,8,0,2
2001,"X690",2,0,1,2,2,0,21,5,5,6,0,0
2001,"X700",1,0,13,101,167,1,1660,334,327,388,170,159
2001,"X700",2,0,11,33,21,0,301,44,64,80,23,25
2001,"X710",1,0,0,0,0,0,7,2,2,1,1,1
2001,"X710",2,0,0,0,0,0,5,1,0,2,0,2
2001,"X720",1,0,2,4,9,0,105,26,26,19,12,7
2001,"X720",2,0,0,3,4,0,20,2,4,5,1,1
2001,"X730",1,0,1,0,2,0,19,4,5,3,2,2
2001,"X730",2,0,0,1,0,0,1,0,0,0,0,0
2001,"X740",1,1,1,30,32,0,315,62,53,75,25,36
2001,"X740",2,0,6,7,11,0,65,9,18,10,2,2
2001,"X760",1,0,0,0,2,0,7,0,3,2,0,0
2001,"X760",2,0,0,0,2,0,33,7,15,7,2,0
2001,"X770",1,0,0,0,0,0,1,0,0,1,0,0
2001,"X780",1,0,0,0,2,0,30,5,10,8,2,3
2001,"X780",2,0,0,0,0,0,8,2,2,3,1,0
2001,"X790",1,0,0,3,2,0,21,2,3,5,1,5
2001,"X790",2,0,0,0,1,0,6,0,2,2,1,0
2001,"X800",1,0,1,4,7,0,35,6,6,10,0,1
2001,"X800",2,0,0,2,0,0,26,5,2,10,2,5
2001,"X810",1,0,0,0,0,0,2,0,0,1,1,0
2001,"X830",1,0,0,0,0,0,7,3,1,2,0,1
2001,"X830",2,0,0,0,0,0,1,1,0,0,0,0
2001,"X840",1,0,1,3,5,0,68,17,16,16,2,8
2001,"X840",2,0,0,1,1,0,24,7,5,8,1,1
2002,"X610",1,0,0,1,1,0,8,3,0,1,2,0
2002,"X610",2,0,0,2,1,0,13,3,1,6,0,0
2002,"X620",1,0,0,0,0,0,1,1,0,0,0,0
2002,"X630",1,0,0,0,0,0,1,0,1,0,0,0
2002,"X640",1,0,1,0,1,0,22,5,6,7,1,1
2002,"X640",2,0,0,2,6,0,24,5,7,4,0,0
2002,"X650",1,0,0,0,0,0,2,1,0,0,0,1
2002,"X660",1,0,0,0,0,0,1,0,0,0,0,1
2002,"X670",1,0,0,1,0,0,10,5,2,1,0,1
2002,"X670",2,0,0,0,0,0,1,0,0,0,0,1
2002,"X680",1,0,0,5,9,0,87,20,27,18,6,2
2002,"X680",2,0,3,8,6,0,42,12,7,5,1,0
2002,"X690",1,0,0,1,3,0,38,14,5,14,1,0
2002,"X690",2,0,1,5,2,0,29,9,6,3,1,2
2002,"X700",1,1,10,94,189,2,1638,339,341,379,151,132
2002,"X700",2,0,12,32,34,0,342,53,63,81,35,32
2002,"X710",1,0,0,0,1,0,7,1,1,2,1,1
2002,"X710",2,0,0,0,0,0,6,2,0,1,2,1
2002,"X720",1,0,0,6,13,0,107,22,21,23,11,11
2002,"X720",2,0,3,2,2,0,19,2,3,5,2,0
2002,"X730",1,0,1,2,2,0,15,1,3,6,0,0
2002,"X730",2,0,0,0,0,0,1,1,0,0,0,0
2002,"X740",1,0,3,29,45,0,346,70,58,76,32,33
2002,"X740",2,0,1,8,7,0,56,16,11,8,5,0
2002,"X760",1,0,0,2,1,1,14,3,2,2,1,2
2002,"X760",2,0,0,0,0,0,15,2,5,5,0,3
2002,"X780",1,0,0,1,1,0,44,8,11,12,5,6
2002,"X780",2,0,0,0,1,0,11,1,1,3,2,3
2002,"X790",1,0,0,2,3,0,24,6,2,6,3,2
2002,"X790",2,0,0,0,0,0,5,1,3,1,0,0
2002,"X800",1,0,0,3,2,0,35,10,6,7,2,5
2002,"X800",2,0,0,0,3,0,21,4,5,7,1,1
2002,"X830",2,0,0,0,0,0,1,0,0,0,0,1
2002,"X840",1,0,0,4,5,0,52,10,9,12,7,5
2002,"X840",2,0,0,0,2,0,28,4,7,11,4,0
2005,"X600",2,0,0,0,1,0,4,0,2,1,0,0
2005,"X610",1,0,0,1,0,0,16,6,3,6,0,0
2005,"X610",2,0,0,6,2,0,20,1,6,3,2,0
2005,"X620",1,0,0,0,0,0,5,2,1,1,1,0
2005,"X630",2,0,1,0,0,0,2,0,1,0,0,0
2005,"X640",1,0,0,3,2,0,17,3,4,5,0,0
2005,"X640",2,0,1,4,3,0,26,4,6,7,1,0
2005,"X650",1,0,0,0,1,0,6,1,1,2,0,1
2005,"X650",2,0,0,0,0,0,2,1,0,1,0,0
2005,"X660",1,0,0,0,1,0,6,1,2,0,1,1
2005,"X660",2,0,0,0,0,0,1,1,0,0,0,0
2005,"X670",1,0,1,2,0,0,10,1,1,4,1,0
2005,"X670",2,0,0,1,0,0,2,0,1,0,0,0
2005,"X680",1,0,0,6,15,0,163,34,34,48,17,9
2005,"X680",2,0,2,13,16,0,102,22,29,12,5,3
2005,"X690",1,0,0,0,6,0,49,7,15,11,7,3
2005,"X690",2,0,0,6,4,0,40,5,11,6,3,5
2005,"X700",1,0,26,167,331,3,2608,528,548,560,235,210
2005,"X700",2,0,17,51,51,0,563,112,100,151,51,30
2005,"X710",1,0,0,0,3,0,13,2,0,3,2,3
2005,"X710",2,0,0,0,0,0,5,0,1,2,0,2
2005,"X720",1,0,0,4,16,0,126,28,24,28,14,12
2005,"X720",2,0,0,5,4,0,16,2,3,2,0,0
2005,"X730",1,0,0,3,4,0,28,7,4,8,2,0
2005,"X740",1,0,1,29,47,0,392,83,71,73,39,49
2005,"X740",2,0,3,6,7,0,58,14,15,9,3,1
2005,"X760",1,0,0,1,0,0,22,4,6,4,1,6
2005,"X760",2,0,0,0,0,0,19,3,2,10,1,3
2005,"X770",1,0,0,0,1,0,2,0,1,0,0,0
2005,"X770",2,0,0,0,0,0,1,0,1,0,0,0
2005,"X780",1,0,0,0,3,0,51,11,8,15,5,9
2005,"X780",2,0,0,0,1,0,16,0,1,6,3,5
2005,"X790",1,0,0,3,4,0,22,3,3,2,6,1
2005,"X790",2,0,0,2,1,0,7,1,1,2,0,0
2005,"X800",1,0,0,6,12,0,64,14,14,3,4,11
2005,"X800",2,0,2,3,3,0,59,11,11,13,11,5
2005,"X830",1,0,0,0,1,0,6,2,0,1,2,0
2005,"X830",2,0,0,0,1,0,2,0,0,0,1,0
2005,"X840",1,0,1,3,3,0,56,5,13,16,5,10
2005,"X840",2,0,1,1,3,0,25,3,7,6,1,3
2006,"X600",2,0,0,0,0,0,1,1,0,0,0,0
2006,"X610",1,0,0,0,4,0,16,5,6,1,0,0
2006,"X610",2,0,0,2,2,0,29,6,8,7,2,2
2006,"X620",1,0,0,1,0,0,4,2,0,1,0,0
2006,"X620",2,0,0,0,0,0,1,0,0,1,0,0
2006,"X630",2,0,0,0,1,0,2,0,1,0,0,0
2006,"X640",1,0,0,2,2,0,24,4,9,3,2,2
2006,"X640",2,0,3,1,0,0,25,7,8,4,2,0
2006,"X650",1,0,0,0,0,0,6,0,3,2,1,0
2006,"X650",2,0,0,0,0,1,4,0,0,0,2,1
2006,"X660",1,0,0,0,0,0,7,1,2,2,1,1
2006,"X660",2,0,0,0,1,0,2,0,0,1,0,0
2006,"X670",1,0,0,2,2,0,10,1,2,1,2,0
2006,"X680",1,0,0,8,19,0,171,32,42,51,12,7
2006,"X680",2,0,6,22,10,0,115,24,20,26,4,3
2006,"X690",1,0,1,1,4,0,67,15,19,18,4,5
2006,"X690",2,0,0,5,3,0,35,8,8,9,2,0
2006,"X700",1,3,19,179,326,1,2668,577,519,613,223,208
2006,"X700",2,1,19,52,61,0,579,80,126,145,59,36
2006,"X710",1,0,0,1,0,0,4,2,0,0,1,0
2006,"X710",2,0,0,0,0,0,5,2,0,0,0,3
2006,"X720",1,0,4,11,15,0,133,33,17,31,10,12
2006,"X720",2,0,1,4,3,0,28,4,6,7,3,0
2006,"X730",1,0,0,1,5,0,29,7,3,9,3,1
2006,"X730",2,0,0,0,0,0,1,0,0,1,0,0
2006,"X740",1,0,5,13,43,1,327,70,57,63,48,27
2006,"X740",2,0,1,5,9,0,64,16,15,11,4,3
2006,"X750",1,0,1,0,1,0,3,0,1,0,0,0
2006,"X760",1,0,0,0,2,0,28,4,9,6,5,2
2006,"X760",2,0,1,0,4,0,40,3,10,13,3,6
2006,"X770",1,0,0,0,0,0,3,1,2,0,0,0
2006,"X780",1,0,0,2,8,0,73,10,18,22,4,9
2006,"X780",2,0,0,0,1,0,18,2,4,9,2,0
2006,"X790",1,0,0,4,1,0,18,3,5,2,1,2
2006,"X790",2,0,0,0,0,0,4,1,1,1,1,0
2006,"X800",1,0,1,7,11,0,87,23,15,15,11,4
2006,"X800",2,0,1,3,8,0,63,11,7,16,9,8
2006,"X810",2,0,0,0,0,0,1,0,1,0,0,0
2006,"X820",1,0,0,0,0,0,4,0,1,1,2,0
2006,"X830",1,0,0,0,0,0,5,1,0,2,1,1
2006,"X830",2,0,0,0,0,0,3,2,0,1,0,0
2006,"X840",1,0,0,5,5,0,44,7,13,8,2,4
2006,"X840",2,0,0,3,2,0,27,5,10,6,0,1
2007,"X600",1,0,0,0,0,0,1,0,0,1,0,0
2007,"X600",2,0,0,0,1,0,2,1,0,0,0,0
2007,"X610",1,0,0,0,3,0,24,4,7,7,3,0
2007,"X610",2,0,0,3,4,0,47,9,13,14,3,1
2007,"X620",1,0,0,0,2,0,6,1,3,0,0,0
2007,"X620",2,0,0,0,0,0,3,2,0,1,0,0
2007,"X630",1,0,0,0,0,0,2,1,0,1,0,0
2007,"X630",2,0,0,0,2,0,6,0,1,2,0,1
2007,"X640",1,0,0,0,1,0,23,5,6,5,5,1
2007,"X640",2,0,1,1,4,0,20,3,5,4,2,0
2007,"X650",1,0,0,0,1,0,9,1,3,2,2,0
2007,"X650",2,0,0,0,0,0,3,1,2,0,0,0
2007,"X660",1,0,0,0,1,0,2,1,0,0,0,0
2007,"X660",2,0,0,0,1,0,1,0,0,0,0,0
2007,"X670",1,0,0,0,3,0,6,0,2,1,0,0
2007,"X670",2,0,0,0,0,0,4,1,2,1,0,0
2007,"X680",1,0,0,12,15,0,177,45,37,40,20,8
2007,"X680",2,0,4,15,16,0,117,24,32,20,4,2
2007,"X690",1,0,1,2,11,0,67,16,7,18,7,5
2007,"X690",2,0,1,8,4,0,47,9,13,9,3,0
2007,"X700",1,0,29,189,362,2,2798,587,536,617,247,229
2007,"X700",2,0,17,39,56,0,585,117,106,156,54,40
2007,"X710",1,0,0,0,0,0,14,6,3,1,2,2
2007,"X710",2,0,0,0,0,0,2,1,1,0,0,0
2007,"X720",1,1,0,7,7,0,129,31,25,24,15,19
2007,"X720",2,0,3,4,2,0,27,8,4,4,2,0
2007,"X730",1,0,1,3,4,0,41,8,12,8,3,2
2007,"X730",2,0,1,0,0,0,2,0,1,0,0,0
2007,"X740",1,0,4,17,44,1,333,61,54,78,34,40
2007,"X740",2,0,1,7,7,0,60,15,10,11,5,4
2007,"X750",1,0,0,0,0,0,1,0,0,1,0,0
2007,"X760",1,0,0,0,4,0,28,7,7,4,3,3
2007,"X760",2,0,0,1,5,0,36,4,9,13,1,3
2007,"X780",1,0,1,3,1,0,64,15,15,13,9,7
2007,"X780",2,0,0,0,1,0,14,3,4,3,1,2
2007,"X790",1,0,0,0,1,0,13,7,0,3,0,2
2007,"X790",2,0,0,0,1,0,7,2,0,2,1,1
2007,"X800",1,0,1,2,6,0,54,18,8,9,6,4
2007,"X800",2,0,0,8,2,0,51,10,6,18,6,1
2007,"X810",1,0,0,0,0,0,1,1,0,0,0,0
2007,"X830",1,0,0,0,0,0,1,0,0,1,0,0
2007,"X830",2,0,0,0,0,0,2,0,1,1,0,0
2007,"X840",1,0,0,1,1,0,58,9,22,16,5,4
2007,"X840",2,0,0,1,2,0,31,9,6,9,1,3
2008,"X600",1,0,0,0,0,0,1,0,1,0,0,0
2008,"X600",2,0,0,0,1,0,2,0,1,0,0,0
2008,"X610",1,0,0,1,3,0,30,12,9,4,1,0
2008,"X610",2,0,0,1,5,0,48,11,16,14,0,1
2008,"X620",1,0,0,0,2,0,14,6,5,1,0,0
2008,"X620",2,0,0,0,0,0,2,2,0,0,0,0
2008,"X630",1,0,0,0,0,1,1,0,0,0,0,0
2008,"X630",2,0,0,0,1,0,6,2,0,3,0,0
2008,"X640",1,0,0,1,0,0,34,11,10,10,0,2
2008,"X640",2,1,1,7,4,0,30,3,7,7,0,0
2008,"X650",1,0,0,0,1,0,6,0,1,2,2,0
2008,"X650",2,0,0,0,0,0,4,1,2,1,0,0
2008,"X660",1,0,0,0,2,0,7,1,2,1,0,1
2008,"X660",2,0,0,0,0,0,1,1,0,0,0,0
2008,"X670",1,0,1,0,0,0,5,0,1,1,1,1
2008,"X670",2,0,0,0,0,0,4,2,0,0,1,1
2008,"X680",1,0,0,13,24,0,200,34,49,52,14,14
2008,"X680",2,0,8,16,11,0,107,25,25,12,7,3
2008,"X690",1,0,1,6,8,1,74,17,14,21,4,2
2008,"X690",2,0,3,4,3,0,54,16,3,18,5,2
2008,"X700",1,2,26,173,396,4,2994,688,514,665,263,263
2008,"X700",2,0,13,67,64,0,678,111,131,183,62,47
2008,"X710",1,0,0,0,1,0,8,1,1,3,0,2
2008,"X710",2,1,0,0,0,0,5,0,1,2,0,1
2008,"X720",1,0,0,9,20,0,121,30,22,15,10,15
2008,"X720",2,0,0,3,8,0,26,3,3,6,2,1
2008,"X730",1,0,2,1,13,0,42,11,8,3,2,2
2008,"X730",2,0,0,0,0,0,2,0,1,0,0,1
2008,"X740",1,0,2,20,35,0,336,69,59,84,41,26
2008,"X740",2,0,0,10,7,0,49,10,9,9,2,2
2008,"X750",1,0,0,0,0,0,2,1,1,0,0,0
2008,"X760",1,0,0,1,1,0,32,9,7,5,6,3
2008,"X760",2,0,0,0,3,0,33,6,4,12,4,4
2008,"X770",2,0,0,0,0,0,2,0,0,1,1,0
2008,"X780",1,0,0,2,5,0,66,13,19,14,8,5
2008,"X780",2,0,0,0,0,0,13,2,3,4,2,2
2008,"X790",1,0,0,2,3,0,18,4,3,5,1,0
2008,"X790",2,0,0,0,0,0,3,0,0,2,1,0
2008,"X800",1,0,0,4,5,0,64,13,17,14,8,3
2008,"X800",2,0,2,3,7,0,52,7,11,16,3,3
2008,"X810",1,0,0,0,0,0,2,0,0,1,0,1
2008,"X830",1,0,0,0,0,0,6,2,3,1,0,0
2008,"X830",2,0,0,0,1,0,3,0,2,0,0,0
2008,"X840",1,0,0,3,6,0,58,10,11,20,3,5
2008,"X840",2,0,0,2,0,0,24,4,7,8,2,1
2009,"X600",1,0,0,0,1,0,4,1,0,2,0,0
2009,"X600",2,0,0,0,0,0,2,1,1,0,0,0
2009,"X610",1,0,0,0,2,0,24,8,7,6,1,0
2009,"X610",2,0,0,3,6,0,40,10,10,10,1,0
2009,"X620",1,0,0,2,0,0,10,4,2,1,1,0
2009,"X620",2,0,1,0,0,0,2,1,0,0,0,0
2009,"X630",1,0,0,0,0,0,2,0,1,1,0,0
2009,"X630",2,0,0,1,0,0,1,0,0,0,0,0
2009,"X640",1,0,0,4,3,0,29,6,2,11,0,3
2009,"X640",2,0,1,3,1,0,29,8,6,9,0,1
2009,"X650",1,0,0,0,0,0,5,0,2,1,2,0
2009,"X660",1,0,0,0,0,0,2,0,0,2,0,0
2009,"X660",2,0,0,0,0,0,1,0,0,1,0,0
2009,"X670",1,0,0,2,0,0,6,0,4,0,0,0
2009,"X670",2,0,0,0,1,0,2,0,1,0,0,0
2009,"X680",1,0,2,8,14,0,193,46,42,51,15,15
2009,"X680",2,0,3,14,16,0,126,26,30,28,6,3
2009,"X690",1,0,0,2,4,0,69,19,15,18,5,6
2009,"X690",2,0,3,3,1,0,42,7,16,8,3,1
2009,"X700",1,5,25,172,361,7,3142,768,625,686,269,224
2009,"X700",2,0,19,38,69,0,626,96,133,162,69,40
2009,"X710",1,1,1,0,1,0,13,2,5,1,1,1
2009,"X710",2,0,0,0,0,0,5,2,0,1,1,1
2009,"X720",1,0,1,9,20,0,130,27,20,30,11,12
2009,"X720",2,0,0,2,3,0,25,7,6,5,1,1
2009,"X730",1,1,0,3,2,0,34,8,9,6,2,3
2009,"X730",2,0,0,0,0,0,2,0,1,1,0,0
2009,"X740",1,0,2,19,26,0,319,60,65,87,26,34
2009,"X740",2,0,1,1,3,0,41,8,11,13,4,0
2009,"X750",1,0,0,0,0,0,1,0,0,1,0,0
2009,"X760",1,0,0,2,4,0,28,3,5,6,2,6
2009,"X760",2,0,0,2,1,0,37,8,8,12,4,2
2009,"X770",1,0,0,0,1,0,2,1,0,0,0,0
2009,"X770",2,0,0,0,0,0,1,0,1,0,0,0
2009,"X780",1,0,0,1,1,1,61,15,7,20,8,8
2009,"X780",2,0,0,1,0,0,17,5,5,4,2,0
2009,"X790",1,0,0,0,1,0,9,1,1,2,2,2
2009,"X790",2,0,0,1,0,0,7,1,2,1,0,2
2009,"X800",1,0,2,5,10,0,83,22,18,14,6,6
2009,"X800",2,0,0,1,8,0,71,11,13,19,11,8
2009,"X810",1,0,0,0,0,0,1,1,0,0,0,0
2009,"X820",1,0,0,1,0,0,1,0,0,0,0,0
2009,"X830",1,0,0,0,0,0,5,2,1,2,0,0
2009,"X830",2,0,0,0,1,0,3,0,1,0,1,0
2009,"X840",1,0,0,2,5,0,53,18,11,9,5,3
2009,"X840",2,0,0,2,0,0,20,7,2,7,1,1
2010,"X600",1,0,0,1,0,0,2,1,0,0,0,0
2010,"X600",2,0,0,0,1,0,2,0,1,0,0,0
2010,"X610",1,0,0,2,1,0,30,11,8,5,1,2
2010,"X610",2,0,2,1,1,0,55,12,13,22,4,0
2010,"X620",1,0,0,0,0,1,5,1,3,0,0,0
2010,"X620",2,0,0,0,0,0,2,0,0,2,0,0
2010,"X630",1,0,0,0,0,0,2,2,0,0,0,0
2010,"X630",2,0,0,0,1,0,4,1,1,1,0,0
2010,"X640",1,0,0,4,2,0,25,7,3,8,1,0
2010,"X640",2,0,0,3,1,0,39,15,10,6,3,1
2010,"X650",1,0,0,0,0,0,6,1,3,0,1,1
2010,"X650",2,0,0,0,0,0,2,0,1,1,0,0
2010,"X660",1,0,0,0,0,0,2,1,0,1,0,0
2010,"X660",2,0,1,0,0,0,2,0,0,0,0,1
2010,"X670",1,0,0,0,0,0,4,0,0,2,1,1
2010,"X670",2,0,0,1,0,0,5,0,1,2,0,1
2010,"X680",1,0,1,8,22,0,183,38,28,47,21,18
2010,"X680",2,0,6,14,6,0,109,16,31,28,5,3
2010,"X690",1,0,0,2,2,0,51,14,7,17,6,3
2010,"X690",2,0,0,3,4,0,29,6,5,7,2,2
2010,"X700",1,1,24,202,403,5,3229,775,593,698,238,290
2010,"X700",2,1,17,53,70,0,660,116,116,187,49,51
2010,"X710",1,0,0,1,0,0,10,1,1,3,1,3
2010,"X710",2,0,0,0,0,0,5,1,2,1,0,1
2010,"X720",1,0,0,6,15,0,146,41,30,29,11,14
2010,"X720",2,0,1,2,3,0,18,3,3,4,1,1
2010,"X730",1,0,0,3,5,0,25,6,1,7,1,2
2010,"X730",2,0,0,1,0,0,2,1,0,0,0,0
2010,"X740",1,0,5,17,20,0,293,61,51,62,38,39
2010,"X740",2,0,0,7,3,0,43,5,9,16,1,2
2010,"X750",1,0,0,0,2,0,4,2,0,0,0,0
2010,"X760",1,0,0,0,2,0,33,7,11,9,2,2
2010,"X760",2,0,1,3,1,0,37,8,12,8,1,3
2010,"X780",1,0,2,3,3,0,76,14,14,21,12,7
2010,"X780",2,0,0,0,1,0,18,4,4,2,3,4
2010,"X790",1,0,0,0,1,0,13,3,3,3,1,2
2010,"X790",2,0,0,0,1,0,3,0,0,1,0,1
2010,"X800",1,0,0,5,9,0,67,21,8,12,6,6
2010,"X800",2,0,2,3,4,0,83,16,18,24,8,8
2010,"X810",2,0,0,0,0,0,1,1,0,0,0,0
2010,"X820",1,0,0,0,1,0,1,0,0,0,0,0
2010,"X830",1,0,0,1,0,0,5,0,1,1,0,2
2010,"X830",2,0,0,0,0,0,3,1,0,2,0,0
2010,"X840",1,0,0,1,5,0,62,17,9,17,8,5
2010,"X840",2,0,0,2,0,0,29,5,10,6,3,3
2011,"X600",1,0,0,0,1,0,3,0,1,0,0,1
2011,"X600",2,0,0,0,0,0,2,0,1,1,0,0
2011,"X610",1,0,0,2,1,0,28,9,8,7,1,0
2011,"X610",2,0,1,1,4,0,55,11,22,13,3,0
2011,"X620",1,0,0,0,2,0,11,4,5,0,0,0
2011,"X620",2,0,0,0,1,0,6,2,1,2,0,0
2011,"X630",2,0,0,2,0,0,4,1,0,1,0,0
2011,"X640",1,0,1,1,1,0,30,9,9,6,2,1
2011,"X640",2,0,0,5,2,0,29,5,7,7,2,1
2011,"X650",1,0,0,0,1,0,12,3,3,4,1,0
2011,"X650",2,0,0,0,0,0,6,0,4,2,0,0
2011,"X660",1,0,0,0,2,0,6,1,1,2,0,0
2011,"X660",2,0,0,0,0,0,1,0,0,0,0,1
2011,"X670",1,0,0,1,1,0,9,3,1,3,0,0
2011,"X680",1,0,3,8,19,0,188,33,40,53,17,15
2011,"X680",2,0,2,11,2,0,88,17,19,31,4,2
2011,"X690",1,0,0,1,2,0,53,10,13,21,4,2
2011,"X690",2,0,2,1,5,0,34,5,7,12,0,2
2011,"X700",1,0,27,195,417,5,3313,821,594,678,286,290
2011,"X700",2,0,21,70,86,0,740,130,130,184,67,52
2011,"X710",1,0,0,0,2,0,17,3,3,6,1,2
2011,"X710",2,0,0,0,0,0,10,3,1,4,1,1
2011,"X720",1,0,3,6,14,0,131,29,30,26,14,9
2011,"X720",2,0,0,2,4,0,16,3,2,1,2,2
2011,"X730",1,0,1,3,1,0,31,16,7,2,1,0
2011,"X730",2,0,0,0,0,0,2,2,0,0,0,0
2011,"X740",1,0,1,12,26,0,283,54,54,59,31,46
2011,"X740",2,0,0,3,2,0,37,11,8,8,4,1
2011,"X750",1,0,0,1,0,0,3,2,0,0,0,0
2011,"X760",1,0,0,1,4,0,28,6,5,4,5,3
2011,"X760",2,0,0,1,3,0,23,2,5,8,2,2
2011,"X770",1,0,0,0,0,0,3,1,2,0,0,0
2011,"X770",2,0,0,0,0,0,1,1,0,0,0,0
2011,"X780",1,0,0,2,7,0,92,22,18,25,9,9
2011,"X780",2,0,0,0,3,0,12,2,2,4,1,0
2011,"X790",1,0,0,3,1,0,19,7,4,2,2,0
2011,"X790",2,0,0,0,0,0,8,1,1,5,1,0
2011,"X800",1,0,0,0,6,0,57,17,7,17,6,4
2011,"X800",2,0,2,4,4,0,78,20,11,26,6,5
2011,"X810",1,0,0,0,0,0,2,1,0,0,0,1
2011,"X810",2,0,0,0,0,0,1,0,0,0,0,1
2011,"X820",1,0,0,0,0,0,1,0,1,0,0,0
2011,"X820",2,0,0,1,0,0,1,0,0,0,0,0
2011,"X830",1,0,0,0,1,0,5,0,1,0,3,0
2011,"X830",2,0,0,0,0,0,2,0,1,0,0,1
2011,"X840",1,0,0,1,3,0,62,21,10,19,1,7
2011,"X840",2,0,0,0,6,0,24,2,4,8,1,3
2012,"X600",1,0,0,0,0,0,5,0,2,2,1,0
2012,"X600",2,0,0,0,0,0,3,0,0,1,2,0
2012,"X610",1,0,0,3,3,0,40,11,9,10,2,2
2012,"X610",2,0,1,4,1,0,53,19,14,13,0,1
2012,"X620",1,0,0,0,1,0,10,4,5,0,0,0
2012,"X620",2,0,0,0,0,0,4,1,3,0,0,0
2012,"X630",1,0,0,0,0,0,2,0,0,2,0,0
2012,"X630",2,0,0,0,0,0,4,2,0,2,0,0
2012,"X640",1,0,1,2,2,0,23,6,8,2,2,0
2012,"X640",2,0,2,4,1,0,41,11,11,11,1,0
2012,"X650",1,0,0,0,0,0,14,2,2,4,6,0
2012,"X650",2,0,0,1,0,0,2,0,0,1,0,0
2012,"X660",1,0,0,0,0,1,3,0,1,1,0,0
2012,"X660",2,0,0,0,0,0,2,1,0,1,0,0
2012,"X670",1,0,0,3,1,0,13,1,4,3,0,1
2012,"X670",2,0,0,0,0,0,2,1,1,0,0,0
2012,"X680",1,0,1,6,9,1,126,26,23,39,8,13
2012,"X680",2,0,2,7,11,0,80,12,17,21,7,3
2012,"X690",1,0,0,2,3,0,53,10,17,12,2,7
2012,"X690",2,0,0,5,5,0,34,7,9,4,2,2
2012,"X700",1,1,40,220,387,1,3642,853,695,797,333,315
2012,"X700",2,0,14,69,78,0,815,174,144,197,82,57
2012,"X710",1,0,0,0,1,0,10,6,2,1,0,0
2012,"X710",2,0,0,0,0,0,8,0,2,1,2,3
2012,"X720",1,0,3,8,16,0,122,25,18,25,15,12
2012,"X720",2,0,0,5,3,0,26,8,6,3,0,1
2012,"X730",1,0,0,2,1,0,20,8,2,4,1,2
2012,"X730",2,0,0,0,1,0,1,0,0,0,0,0
2012,"X740",1,0,4,13,19,0,296,59,46,66,48,41
2012,"X740",2,0,2,4,3,0,51,12,13,12,3,2
2012,"X760",1,0,0,0,0,0,22,4,6,6,3,3
2012,"X760",2,0,0,4,0,1,43,9,12,11,0,6
2012,"X770",1,0,0,0,0,0,1,0,1,0,0,0
2012,"X770",2,0,0,0,0,0,1,0,0,1,0,0
2012,"X780",1,0,1,2,6,0,88,16,18,27,7,11
2012,"X780",2,0,0,0,0,0,13,3,0,6,1,3
2012,"X790",1,0,0,3,2,0,14,3,1,3,0,2
2012,"X790",2,0,0,1,1,0,16,2,6,3,2,1
2012,"X800",1,0,0,3,6,0,73,22,9,18,9,6
2012,"X800",2,0,3,3,4,0,64,12,10,20,6,6
2012,"X810",1,0,0,0,0,0,1,1,0,0,0,0
2012,"X830",1,0,0,1,2,0,13,2,3,3,2,0
2012,"X830",2,0,0,1,0,0,4,0,1,1,1,0
2012,"X840",1,0,0,3,6,0,48,12,8,11,4,4
2012,"X840",2,0,0,0,0,0,26,4,10,8,1,3
2013,"X600",1,0,0,1,0,0,3,0,0,2,0,0
2013,"X610",1,0,0,0,1,0,19,3,6,8,0,1
2013,"X610",2,0,0,2,5,0,51,5,18,15,6,0
2013,"X620",1,0,1,2,2,0,18,8,3,2,0,0
2013,"X620",2,0,0,0,0,0,3,2,1,0,0,0
2013,"X630",1,0,0,0,0,0,2,0,1,1,0,0
2013,"X630",2,0,0,0,0,0,2,1,0,0,1,0
2013,"X640",1,0,0,1,4,0,32,7,7,11,1,1
2013,"X640",2,0,0,2,3,0,37,7,12,11,1,1
2013,"X650",1,0,0,0,1,0,12,1,1,3,5,1
2013,"X650",2,0,0,0,0,0,3,0,1,2,0,0
2013,"X660",2,0,0,0,0,0,2,1,0,1,0,0
2013,"X670",1,0,0,0,5,0,20,7,4,4,0,0
2013,"X670",2,0,0,0,0,0,5,2,1,0,1,1
2013,"X680",1,0,0,7,14,0,147,30,21,53,8,14
2013,"X680",2,0,1,10,7,0,95,15,17,30,13,2
2013,"X690",1,0,0,2,4,0,38,6,9,8,6,3
2013,"X690",2,0,1,3,1,0,39,9,7,12,2,4
2013,"X700",1,1,33,234,394,3,3813,958,707,842,360,281
2013,"X700",2,0,22,82,83,0,876,153,157,222,81,76
2013,"X710",1,0,0,0,3,0,18,5,3,3,2,2
2013,"X710",2,0,0,0,1,0,11,2,1,3,2,2
2013,"X720",1,0,3,5,12,0,151,27,30,40,16,18
2013,"X720",2,0,3,1,2,0,27,6,5,7,2,1
2013,"X730",1,0,0,1,3,0,29,5,5,6,2,7
2013,"X730",2,0,0,0,1,0,2,1,0,0,0,0
2013,"X740",1,0,4,15,21,0,312,56,64,78,28,46
2013,"X740",2,0,2,4,1,0,48,12,13,8,5,3
2013,"X750",1,0,0,0,0,0,4,1,1,1,1,0
2013,"X760",1,0,1,0,2,0,33,3,11,9,4,3
2013,"X760",2,0,0,1,2,0,32,4,7,10,3,5
2013,"X770",1,0,0,0,0,0,1,0,0,1,0,0
2013,"X770",2,0,0,0,0,0,1,1,0,0,0,0
2013,"X780",1,0,1,2,3,0,89,20,16,27,12,8
2013,"X780",2,0,0,2,1,0,17,3,0,5,1,5
2013,"X790",1,0,0,0,2,0,24,8,5,3,2,4
2013,"X790",2,0,0,0,0,0,6,1,1,3,1,0
2013,"X800",1,0,4,3,7,0,82,18,12,20,7,11
2013,"X800",2,0,0,8,4,0,77,12,12,22,10,9
2013,"X810",2,0,0,0,0,0,1,0,0,0,1,0
2013,"X830",1,0,0,0,0,0,5,0,3,2,0,0
2013,"X830",2,0,0,0,0,0,2,1,0,0,0,1
2013,"X840",1,0,0,2,3,0,68,12,17,22,6,6
2013,"X840",2,0,0,1,2,0,24,6,4,9,2,0
2014,"X600",1,0,0,0,0,0,4,1,1,1,0,1
2014,"X600",2,0,0,1,0,0,6,1,1,3,0,0
2014,"X610",1,0,1,2,6,0,40,9,11,7,3,1
2014,"X610",2,0,0,3,6,0,62,15,18,19,1,0
2014,"X620",1,0,0,1,3,0,24,10,8,2,0,0
2014,"X620",2,0,0,0,0,0,7,5,1,1,0,0
2014,"X630",1,0,0,0,0,0,2,0,0,1,0,1
2014,"X630",2,0,1,0,0,0,5,1,1,2,0,0
2014,"X640",1,0,0,1,3,0,41,11,13,8,4,1
2014,"X640",2,0,1,2,2,0,35,7,8,12,1,2
2014,"X650",1,0,0,0,0,0,15,5,4,3,1,2
2014,"X650",2,0,0,0,0,0,1,1,0,0,0,0
2014,"X660",1,0,0,0,0,0,2,1,0,0,1,0
2014,"X660",2,0,0,0,1,0,6,2,0,1,2,0
2014,"X670",1,0,0,0,2,0,15,3,4,4,2,0
2014,"X670",2,0,0,0,0,0,3,2,0,1,0,0
2014,"X680",1,0,0,5,5,0,124,23,28,38,12,13
2014,"X680",2,0,3,8,5,0,74,20,13,19,4,2
2014,"X690",1,0,0,4,6,0,53,8,13,10,9,3
2014,"X690",2,0,1,2,4,0,39,10,7,10,4,1
2014,"X700",1,0,48,259,441,4,4006,954,746,883,360,311
2014,"X700",2,0,24,93,90,0,910,159,166,231,83,64
2014,"X710",1,0,0,0,1,1,9,1,3,1,0,2
2014,"X710",2,0,0,0,1,0,6,2,0,2,0,1
2014,"X720",1,1,2,10,12,1,140,24,21,39,13,17
2014,"X720",2,0,1,4,2,0,26,7,4,6,2,0
2014,"X730",1,0,0,5,3,0,37,8,7,5,5,4
2014,"X730",2,0,0,0,0,0,1,0,1,0,0,0
2014,"X740",1,0,2,13,26,0,299,53,51,84,32,38
2014,"X740",2,0,1,7,2,0,44,17,6,7,3,1
2014,"X750",1,0,0,0,0,0,1,1,0,0,0,0
2014,"X760",1,0,0,0,0,0,32,10,7,8,5,2
2014,"X760",2,0,0,0,0,0,29,4,4,15,4,2
2014,"X770",1,0,0,0,0,0,5,1,1,2,1,0
2014,"X770",2,0,0,0,0,0,1,1,0,0,0,0
2014,"X780",1,0,0,0,3,0,81,13,17,27,8,13
2014,"X780",2,0,0,2,1,0,24,3,1,6,6,5
2014,"X790",1,0,0,0,3,0,20,6,5,1,3,2
2014,"X790",2,0,0,0,0,0,4,1,0,1,0,2
2014,"X800",1,0,1,5,18,0,114,27,21,27,4,11
2014,"X800",2,0,3,1,4,0,81,13,14,27,9,10
2014,"X820",1,0,0,0,0,0,1,0,0,1,0,0
2014,"X830",1,0,0,0,1,0,8,1,2,2,0,2
2014,"X840",1,0,1,3,2,0,36,11,5,7,4,3
2014,"X840",2,0,2,0,2,0,19,6,2,7,0,0
2015,"X600",1,0,0,0,0,0,2,1,0,0,1,0
2015,"X600",2,0,1,0,1,0,4,1,0,1,0,0
2015,"X610",1,0,0,2,3,0,33,7,9,5,5,2
2015,"X610",2,0,0,2,4,0,75,16,20,22,8,3
2015,"X620",1,0,0,1,1,0,14,6,3,3,0,0
2015,"X620",2,0,0,0,0,0,6,4,2,0,0,0
2015,"X630",2,0,0,0,0,0,2,0,2,0,0,0
2015,"X640",1,0,0,1,3,0,38,6,14,10,2,2
2015,"X640",2,0,0,3,2,0,55,11,15,16,7,1
2015,"X650",1,0,0,0,1,0,9,0,3,4,1,0
2015,"X650",2,0,0,0,0,0,2,1,0,0,0,1
2015,"X660",1,0,0,0,0,0,2,1,1,0,0,0
2015,"X660",2,0,1,0,0,0,2,0,0,1,0,0
2015,"X670",1,0,0,4,3,0,21,7,1,5,1,0
2015,"X670",2,0,0,0,0,0,3,0,1,1,1,0
2015,"X680",1,0,0,9,17,0,145,26,29,35,12,17
2015,"X680",2,0,3,4,10,0,68,19,14,13,2,3
2015,"X690",1,0,0,1,6,0,47,9,8,14,5,4
2015,"X690",2,0,1,3,4,0,43,8,6,15,3,3
2015,"X700",1,1,48,261,419,2,4340,930,825,1062,416,376
2015,"X700",2,0,27,102,81,0,1056,192,208,261,117,68
2015,"X710",1,0,0,0,1,0,11,3,1,1,1,4
2015,"X710",2,0,0,0,0,0,7,1,2,1,1,2
2015,"X720",1,0,2,5,11,0,134,23,22,30,19,22
2015,"X720",2,0,0,2,0,0,14,0,6,5,1,0
2015,"X730",1,0,0,3,2,0,28,5,8,9,1,0
2015,"X730",2,0,0,0,0,0,2,0,2,0,0,0
2015,"X740",1,0,2,13,16,0,295,50,57,61,41,55
2015,"X740",2,0,1,6,4,0,42,8,9,11,2,1
2015,"X750",1,0,0,0,0,0,1,0,0,0,0,1
2015,"X750",2,0,0,0,0,0,1,0,0,1,0,0
2015,"X760",1,0,0,0,4,0,25,4,8,6,2,1
2015,"X760",2,0,0,0,1,0,32,7,7,8,9,0
2015,"X780",1,0,0,3,1,0,91,15,14,33,13,12
2015,"X780",2,0,0,0,1,0,11,1,3,1,2,3
2015,"X790",1,0,1,1,1,0,23,6,3,8,3,0
2015,"X790",2,0,0,0,0,0,3,0,1,1,1,0
2015,"X800",1,0,0,6,6,0,95,30,16,21,6,10
2015,"X800",2,0,0,10,4,0,92,16,18,20,14,10
2015,"X810",1,0,0,0,0,0,1,0,1,0,0,0
2015,"X820",1,0,0,0,0,0,1,0,0,0,1,0
2015,"X830",1,0,0,1,1,0,16,3,2,3,2,4
2015,"X830",2,0,0,0,0,0,1,1,0,0,0,0
2015,"X840",1,0,0,1,6,0,57,9,15,17,6,3
2015,"X840",2,0,0,1,1,0,12,1,4,3,1,1
2016,"X600",1,0,0,1,0,0,8,2,1,2,1,1
2016,"X600",2,0,0,1,2,0,7,1,1,2,0,0
2016,"X610",1,0,1,1,3,0,45,14,13,9,4,0
2016,"X610",2,0,1,5,5,0,84,12,31,23,7,0
2016,"X620",1,0,0,0,1,0,12,6,3,2,0,0
2016,"X620",2,0,1,0,1,0,6,1,3,0,0,0
2016,"X630",1,0,0,0,0,0,3,1,0,1,1,0
2016,"X630",2,0,0,0,0,0,2,0,2,0,0,0
2016,"X640",1,0,0,2,8,0,43,11,9,9,2,2
2016,"X640",2,0,3,2,4,0,63,21,11,14,3,5
2016,"X650",1,0,0,0,0,0,6,0,1,4,1,0
2016,"X650",2,0,0,0,0,0,3,1,0,1,1,0
2016,"X660",1,0,0,1,1,0,4,1,1,0,0,0
2016,"X660",2,0,0,0,0,0,2,0,2,0,0,0
2016,"X670",1,0,1,2,4,0,22,7,2,4,2,0
2016,"X670",2,0,0,0,0,0,4,1,2,1,0,0
2016,"X680",1,0,0,7,14,0,159,25,26,44,19,24
2016,"X680",2,0,4,7,11,0,81,17,17,12,6,7
2016,"X690",1,0,1,1,3,0,47,9,9,14,5,5
2016,"X690",2,0,1,3,3,0,40,6,12,10,5,0
2016,"X700",1,2,40,296,438,2,4487,955,824,1092,453,385
2016,"X700",2,0,38,98,90,1,1046,188,198,259,108,66
2016,"X710",1,0,0,1,2,0,16,0,4,4,2,3
2016,"X710",2,0,0,0,1,0,3,1,0,0,0,1
2016,"X720",1,0,0,5,12,0,139,14,25,44,20,19
2016,"X720",2,0,2,1,2,0,23,8,7,2,0,1
2016,"X730",1,0,0,1,6,0,25,4,3,6,2,3
2016,"X730",2,0,0,0,1,0,2,0,1,0,0,0
2016,"X740",1,0,4,19,20,1,316,48,47,78,41,58
2016,"X740",2,0,2,4,4,0,45,9,8,10,5,3
2016,"X750",1,0,0,0,0,0,5,0,2,2,0,1
2016,"X750",2,0,0,0,0,0,2,0,0,0,1,1
2016,"X760",1,0,0,3,0,0,35,5,7,14,3,3
2016,"X760",2,0,0,0,1,0,29,3,11,12,1,1
2016,"X770",1,0,0,0,0,0,2,1,0,1,0,0
2016,"X780",1,0,1,1,6,0,79,13,12,24,11,11
2016,"X780",2,0,0,0,1,0,12,0,4,3,2,2
2016,"X790",1,0,1,1,2,0,18,2,6,5,1,0
2016,"X790",2,0,0,0,0,0,1,0,0,1,0,0
2016,"X800",1,0,1,4,8,0,122,33,23,24,18,11
2016,"X800",2,0,1,9,7,0,86,12,13,22,13,9
2016,"X830",1,0,0,0,1,0,12,1,5,4,1,0
2016,"X830",2,0,0,0,0,0,1,0,0,0,1,0
2016,"X840",1,0,1,5,4,0,67,13,17,13,5,9
2016,"X840",2,0,0,0,2,0,34,6,5,10,4,7
